Workbook

Sheet QP1
A1: Tabela de Potências - Quadro Parcial 1
A5: Equipamento | D5: Quantidade | F5: Cosϕ = f.p. | H5: Fatores | K5: Potência Ativa | O5: Potência Reativa | S5: Potência Aparente | X5: Potência à Plena Carga
H6: Simultaneadade (Ks) | I6: Evolução de Cargas (Ke) | J6: Utilização (Ku) | K6: Unitária | M6: Conjunto | O6: Unitária | Q6: Conjunto | S6: Unitária | U6: Conjunto
A7: Luminária LEDVANCE ref.4058075708181 | D7: 40 | F7: 0.95 | H7: 1 | I7: 1 | J7: 1 | K7: =(133/0.9)/1000 -> 0.14777778 | L7: kW | M7: =K7*D7*H7*I7*J7 -> 5.9111111 | N7: kW | O7: =K7*TAN(ACOS(F7)) -> 0.048572207 | P7: kVar | Q7: =(K7*TAN(ACOS(F7)))*D7*H7*I7*J7 -> 1.9428883 | R7: kVar | S7: =K7/F7 -> 0.15555556 | T7: kVA | U7: =S7*D7*H7*I7*J7 -> 6.2222222 | V7: kVA | X7: Potência Ativa | Y7: =SUM(M7:M15) -> 310.83111 | Z7: kW
A8: Quadro de Tomadas (1x16A 2P+T e 1x32A 3P+N+T) | D8: 3 | F8: 0.9 | H8: =0.1+(0.9/(D8*2)) -> 0.25 | J8: 1 | K8: =((230*16)/1000)+(((230*SQRT(3))*32*SQRT(3))/1000) -> 25.76 | L8: kW | M8: =K8*D8*H8*I7*J8 -> 19.32 | N8: kW | O8: =K8*TAN(ACOS(F8)) -> 12.476137 | P8: kVar | Q8: =(K8*TAN(ACOS(F8)))*D8*H8*I7*J8 -> 9.3571031 | R8: kVar | S8: =K8/F8 -> 28.622222 | T8: kVA | U8: =S8*D8*H8*I7*J8 -> 21.466667 | V8: kVA
A9: Maquina de Injeção 1 | D9: 1 | F9: 0.85 | H9: 1 | J9: 0.8 | K9: =S9*F9 -> 21.25 | L9: kW | M9: =K9*D9*H9*I7*J9 -> 17 | N9: kW | O9: =K9*TAN(ACOS(F9)) -> 13.169567 | P9: kVar | Q9: =(K9*TAN(ACOS(F9)))*D9*H9*I7*J9 -> 10.535654 | R9: kVar | S9: 25 | T9: kVA | U9: =S9*D9*H9*I7*J9 -> 20 | V9: kVA | X9: Potência Reativa | Y9: =SUM(Q7:Q15) -> 188.29897 | Z9: kVar
A10: Maquina de Injeção 2 | D10: 1 | F10: 0.85 | H10: 1 | J10: 0.8 | K10: =S10*F10 -> 38.25 | L10: kW | M10: =K10*D10*H10*I7*J10 -> 30.6 | N10: kW | O10: =K10*TAN(ACOS(F10)) -> 23.705221 | P10: kVar | Q10: =(K10*TAN(ACOS(F10)))*D10*H10*I7*J10 -> 18.964177 | R10: kVar | S10: 45 | T10: kVA | U10: =S10*D10*H10*I7*J10 -> 36 | V10: kVA
A11: Maquina de Injeção 3 | D11: 1 | F11: 0.85 | H11: 1 | J11: 0.8 | K11: =S11*F11 -> 38.25 | L11: kW | M11: =K11*D11*H11*I7*J11 -> 30.6 | N11: kW | O11: =K11*TAN(ACOS(F11)) -> 23.705221 | P11: kVar | Q11: =(K11*TAN(ACOS(F11)))*D11*H11*I7*J11 -> 18.964177 | R11: kVar | S11: 45 | T11: kVA | U11: =S11*D11*H11*I7*J11 -> 36 | V11: kVA | X11: Potência Aparente | Y11: =SUM(U7:U15) -> 363.68889 | Z11: kVA
A12: Maquina de Injeção 4 | D12: 1 | F12: 0.85 | H12: 1 | J12: 0.8 | K12: =S12*F12 -> 42.5 | L12: kW | M12: =K12*D12*H12*I7*J12 -> 34 | N12: kW | O12: =K12*TAN(ACOS(F12)) -> 26.339134 | P12: kVar | Q12: =(K12*TAN(ACOS(F12)))*D12*H12*I7*J12 -> 21.071308 | R12: kVar | S12: 50 | T12: kVA | U12: =S12*D12*H12*I7*J12 -> 40 | V12: kVA
A13: Maquina de Injeção 5 | D13: 1 | F13: 0.85 | H13: 1 | J13: 0.8 | K13: =S13*F13 -> 72.25 | L13: kW | M13: =K13*D13*H13*I7*J13 -> 57.8 | N13: kW | O13: =K13*TAN(ACOS(F13)) -> 44.776528 | P13: kVar | Q13: =(K13*TAN(ACOS(F13)))*D13*H13*I7*J13 -> 35.821223 | R13: kVar | S13: 85 | T13: kVA | U13: =S13*D13*H13*I7*J13 -> 68 | V13: kVA
A14: Maquina de Injeção 6 | D14: 1 | F14: 0.85 | H14: 1 | J14: 0.8 | K14: =S14*F14 -> 72.25 | L14: kW | M14: =K14*D14*H14*I7*J14 -> 57.8 | N14: kW | O14: =K14*TAN(ACOS(F14)) -> 44.776528 | P14: kVar | Q14: =(K14*TAN(ACOS(F14)))*D14*H14*I7*J14 -> 35.821223 | R14: kVar | S14: 85 | T14: kVA | U14: =S14*D14*H14*I7*J14 -> 68 | V14: kVA | X14: Potência do QP1
A15: Maquina de Injeção 10 | D15: 1 | F15: 0.85 | H15: 1 | J15: 0.8 | K15: =S15*F15 -> 72.25 | L15: kW | M15: =K15*D15*H15*I7*J15 -> 57.8 | N15: kW | O15: =K15*TAN(ACOS(F15)) -> 44.776528 | P15: kVar | Q15: =(K15*TAN(ACOS(F15)))*D15*H15*I7*J15 -> 35.821223 | R15: kVar | S15: 85 | T15: kVA | U15: =S15*D15*H15*I7*J15 -> 68 | V15: kVA | X15: Numero de Circuitos | Z15: 11
X17: Fator de Simultaneadade do Quadro (Ks) | Z17: =IF(Z15>=10,0.6,IF(Z15>=6,0.7,IF(Z15<6,0.8))) -> 0.6
X20: P x Ks = | Y20: =Y7*Z17 -> 186.49867 | Z20: kW | AA20: =Y20 -> 186.49867
X22: Q x Ks = | Y22: =Y9*Z17 -> 112.97938 | Z22: kVar | AA22: =Y22 -> 112.97938
X24: S x Ks = | Y24: =Y11*Z17 -> 218.21333 | Z24: kVA | AA24: =Y24 -> 218.21333

Sheet QP2
A1: Tabela de Potências - Quadro Parcial 2
A5: Equipamento | D5: Quantidade | F5: Cosϕ = f.p. | H5: Fatores | K5: Potência Ativa | O5: Potência Reativa | S5: Potência Aparente | X5: Potência à Plena Carga
H6: Simultaneadade (Ks) | I6: Evolução de Cargas (Ke) | J6: Utilização (Ku) | K6: Unitária | M6: Conjunto | O6: Unitária | Q6: Conjunto | S6: Unitária | U6: Conjunto
A7: Quadro de Tomadas (1x16A 2P+T e 1x32A 3P+N+T) | D7: 2 | F7: 0.9 | H7: =0.1+(0.9/(D7*2)) -> 0.325 | I7: 1 | J7: 1 | K7: =((230*16)/1000)+(((230*SQRT(3))*32*SQRT(3))/1000) -> 25.76 | L7: kW | M7: =K7*D7*H7*I7*J7 -> 16.744 | N7: kW | O7: =K7*TAN(ACOS(F7)) -> 12.476137 | P7: kVar | Q7: =(K7*TAN(ACOS(F7)))*D7*H7*I7*J7 -> 8.1094893 | R7: kVar | S7: =K7/F7 -> 28.622222 | T7: kVA | U7: =S7*D7*H7*I7*J7 -> 18.604444 | V7: kVA | X7: Potência Ativa | Y7: =SUM(M7:M12) -> 305.744 | Z7: kW
A8: Maquina de Injeção 7 | D8: 1 | F8: 0.85 | H8: 1 | J8: 0.8 | K8: =S8*F8 -> 72.25 | L8: kW | M8: =K8*D8*H8*I7*J8 -> 57.8 | N8: kW | O8: =K8*TAN(ACOS(F8)) -> 44.776528 | P8: kVar | Q8: =(K8*TAN(ACOS(F8)))*D8*H8*I7*J8 -> 35.821223 | R8: kVar | S8: 85 | T8: kVA | U8: =S8*D8*H8*I7*J8 -> 68 | V8: kVA
A9: Maquina de Injeção 8 | D9: 1 | F9: 0.85 | H9: 1 | J9: 0.8 | K9: =S9*F9 -> 72.25 | L9: kW | M9: =K9*D9*H9*I7*J9 -> 57.8 | N9: kW | O9: =K9*TAN(ACOS(F9)) -> 44.776528 | P9: kVar | Q9: =(K9*TAN(ACOS(F9)))*D9*H9*I7*J9 -> 35.821223 | R9: kVar | S9: 85 | T9: kVA | U9: =S9*D9*H9*I7*J9 -> 68 | V9: kVA | X9: Potência Reativa | Y9: =SUM(Q7:Q12) -> 187.2156 | Z9: kVar
A10: Maquina de Injeção 9 | D10: 1 | F10: 0.85 | H10: 1 | J10: 0.8 | K10: =S10*F10 -> 72.25 | L10: kW | M10: =K10*D10*H10*I7*J10 -> 57.8 | N10: kW | O10: =K10*TAN(ACOS(F10)) -> 44.776528 | P10: kVar | Q10: =(K10*TAN(ACOS(F10)))*D10*H10*I7*J10 -> 35.821223 | R10: kVar | S10: 85 | T10: kVA | U10: =S10*D10*H10*I7*J10 -> 68 | V10: kVA
A11: Maquina de Injeção 11 | D11: 1 | F11: 0.85 | H11: 1 | J11: 0.8 | K11: =S11*F11 -> 72.25 | L11: kW | M11: =K11*D11*H11*I7*J11 -> 57.8 | N11: kW | O11: =K11*TAN(ACOS(F11)) -> 44.776528 | P11: kVar | Q11: =(K11*TAN(ACOS(F11)))*D11*H11*I7*J11 -> 35.821223 | R11: kVar | S11: 85 | T11: kVA | U11: =S11*D11*H11*I7*J11 -> 68 | V11: kVA | X11: Potência Aparente | Y11: =SUM(U7:U12) -> 358.60444 | Z11: kVA
A12: Maquina de Injeção 14 | D12: 1 | F12: 0.85 | H12: 1 | J12: 0.8 | K12: =S12*F12 -> 72.25 | L12: kW | M12: =K12*D12*H12*I7*J12 -> 57.8 | N12: kW | O12: =K12*TAN(ACOS(F12)) -> 44.776528 | P12: kVar | Q12: =(K12*TAN(ACOS(F12)))*D12*H12*I7*J12 -> 35.821223 | R12: kVar | S12: 85 | T12: kVA | U12: =S12*D12*H12*I7*J12 -> 68 | V12: kVA
X14: Potência do QP2
X15: Numero de Circuitos | Z15: 7
X17: Fator de Simultaneadade do Quadro (Ks) | Z17: =IF(Z15>=10,0.6,IF(Z15>=6,0.7,IF(Z15<6,0.8))) -> 0.7
X20: P x Ks = | Y20: =Y7*Z17 -> 214.0208 | Z20: kW | AA20: =Y20 -> 214.0208
X22: Q x Ks = | Y22: =Y9*Z17 -> 131.05092 | Z22: kVar | AA22: =Y22 -> 131.05092
X24: S x Ks = | Y24: =Y11*Z17 -> 251.02311 | Z24: kVA | AA24: =Y24 -> 251.02311

Sheet QP3
A1: Tabela de Potências - Quadro Parcial 3
A5: Equipamento | D5: Quantidade | F5: Cosϕ = f.p. | H5: Fatores | K5: Potência Ativa | O5: Potência Reativa | S5: Potência Aparente | X5: Potência à Plena Carga
H6: Simultaneadade (Ks) | I6: Evolução de Cargas (Ke) | J6: Utilização (Ku) | K6: Unitária | M6: Conjunto | O6: Unitária | Q6: Conjunto | S6: Unitária | U6: Conjunto
A7: Quadro de Tomadas (1x16A 2P+T e 1x32A 3P+N+T) | D7: 1 | F7: 0.9 | H7: =0.1+(0.9/(D7*2)) -> 0.55 | I7: 1 | J7: 1 | K7: =((230*16)/1000)+(((230*SQRT(3))*32*SQRT(3))/1000) -> 25.76 | L7: kW | M7: =K7*D7*H7*I7*J7 -> 14.168 | N7: kW | O7: =K7*TAN(ACOS(F7)) -> 12.476137 | P7: kVar | Q7: =(K7*TAN(ACOS(F7)))*D7*H7*I7*J7 -> 6.8618756 | R7: kVar | S7: =K7/F7 -> 28.622222 | T7: kVA | U7: =S7*D7*H7*I7*J7 -> 15.742222 | V7: kVA | X7: Potência Ativa | Y7: =SUM(M7:M11) -> 245.368 | Z7: kW
A8: Maquina de Injeção 12 | D8: 1 | F8: 0.85 | H8: 1 | J8: 0.8 | K8: =S8*F8 -> 72.25 | L8: kW | M8: =K8*D8*H8*I7*J8 -> 57.8 | N8: kW | O8: =K8*TAN(ACOS(F8)) -> 44.776528 | P8: kVar | Q8: =(K8*TAN(ACOS(F8)))*D8*H8*I7*J8 -> 35.821223 | R8: kVar | S8: 85 | T8: kVA | U8: =S8*D8*H8*I7*J8 -> 68 | V8: kVA
A9: Maquina de Injeção 13 | D9: 1 | F9: 0.85 | H9: 1 | J9: 0.8 | K9: =S9*F9 -> 72.25 | L9: kW | M9: =K9*D9*H9*I7*J9 -> 57.8 | N9: kW | O9: =K9*TAN(ACOS(F9)) -> 44.776528 | P9: kVar | Q9: =(K9*TAN(ACOS(F9)))*D9*H9*I7*J9 -> 35.821223 | R9: kVar | S9: 85 | T9: kVA | U9: =S9*D9*H9*I7*J9 -> 68 | V9: kVA | X9: Potência Reativa | Y9: =SUM(Q7:Q11) -> 150.14677 | Z9: kVar
A10: Maquina de Injeção 15 | D10: 1 | F10: 0.85 | H10: 1 | J10: 0.8 | K10: =S10*F10 -> 72.25 | L10: kW | M10: =K10*D10*H10*I7*J10 -> 57.8 | N10: kW | O10: =K10*TAN(ACOS(F10)) -> 44.776528 | P10: kVar | Q10: =(K10*TAN(ACOS(F10)))*D10*H10*I7*J10 -> 35.821223 | R10: kVar | S10: 85 | T10: kVA | U10: =S10*D10*H10*I7*J10 -> 68 | V10: kVA
A11: Maquina de Injeção 16 | D11: 1 | F11: 0.85 | H11: 1 | J11: 0.8 | K11: =S11*F11 -> 72.25 | L11: kW | M11: =K11*D11*H11*I7*J11 -> 57.8 | N11: kW | O11: =K11*TAN(ACOS(F11)) -> 44.776528 | P11: kVar | Q11: =(K11*TAN(ACOS(F11)))*D11*H11*I7*J11 -> 35.821223 | R11: kVar | S11: 85 | T11: kVA | U11: =S11*D11*H11*I7*J11 -> 68 | V11: kVA | X11: Potência Aparente | Y11: =SUM(U7:U11) -> 287.74222 | Z11: kVA
X14: Potência do QP3
X15: Numero de Circuitos | Z15: 5
X17: Fator de Simultaneadade do Quadro (Ks) | Z17: =IF(Z15>=10,0.6,IF(Z15>=6,0.7,IF(Z15<6,0.8))) -> 0.8
X20: P x Ks = | Y20: =Y7*Z17 -> 196.2944 | Z20: kW | AA20: =Y20 -> 196.2944
X22: Q x Ks = | Y22: =Y9*Z17 -> 120.11741 | Z22: kVar | AA22: =Y22 -> 120.11741
X24: S x Ks = | Y24: =Y11*Z17 -> 230.19378 | Z24: kVA | AA24: =Y24 -> 230.19378

Sheet QP4
A1: Tabela de Potências - Quadro Parcial 4
A5: Equipamento | D5: Quantidade | F5: Cosϕ = f.p. | H5: Fatores | K5: Potência Ativa | O5: Potência Reativa | S5: Potência Aparente | X5: Potência à Plena Carga
H6: Simultaneadade (Ks) | I6: Evolução de Cargas (Ke) | J6: Utilização (Ku) | K6: Unitária | M6: Conjunto | O6: Unitária | Q6: Conjunto | S6: Unitária | U6: Conjunto
A7: Quadro de Tomadas (1x16A 2P+T e 1x32A 3P+N+T) | D7: 3 | F7: 0.9 | H7: =0.1+(0.9/(D7*2)) -> 0.25 | I7: 1 | J7: 1 | K7: =((230*16)/1000)+(((230*SQRT(3))*32*SQRT(3))/1000) -> 25.76 | L7: kW | M7: =K7*D7*H7*I7*J7 -> 19.32 | N7: kW | O7: =K7*TAN(ACOS(F7)) -> 12.476137 | P7: kVar | Q7: =(K7*TAN(ACOS(F7)))*D7*H7*I7*J7 -> 9.3571031 | R7: kVar | S7: =K7/F7 -> 28.622222 | T7: kVA | U7: =S7*D7*H7*I7*J7 -> 21.466667 | V7: kVA | X7: Potência Ativa | Y7: =SUM(M7:M16) -> 112.7888 | Z7: kW
A8: Ponte Rolante | D8: 1 | F8: 0.85 | H8: 1 | J8: 0.8 | K8: 1.863 | L8: kW | M8: =K8*D8*H8*I7*J8 -> 1.4904 | N8: kW | O8: =K8*TAN(ACOS(F8)) -> 1.1545837 | P8: kVar | Q8: =(K8*TAN(ACOS(F8)))*D8*H8*I7*J8 -> 0.92366696 | R8: kVar | S8: =K8/F8 -> 2.1917647 | T8: kVA | U8: =S8*D8*H8*I7*J8 -> 1.7534118 | V8: kVA
A9: Bomba de Água 1 | D9: 1 | F9: 0.85 | H9: 1 | J9: 0.8 | K9: 1.491 | L9: kW | M9: =K9*D9*H9*I7*J9 -> 1.1928 | N9: kW | O9: =K9*TAN(ACOS(F9)) -> 0.92403881 | P9: kVar | Q9: =(K9*TAN(ACOS(F9)))*D9*H9*I7*J9 -> 0.73923105 | R9: kVar | S9: =K9/F9 -> 1.7541176 | T9: kVA | U9: =S9*D9*H9*I7*J9 -> 1.4032941 | V9: kVA | X9: Potência Reativa | Y9: =SUM(Q7:Q16) -> 67.283863 | Z9: kVar
A10: Bomba de Água 2 | D10: 1 | F10: 0.85 | H10: 1 | J10: 0.8 | K10: 1.491 | L10: kW | M10: =K10*D10*H10*I7*J10 -> 1.1928 | N10: kW | O10: =K10*TAN(ACOS(F10)) -> 0.92403881 | P10: kVar | Q10: =(K10*TAN(ACOS(F10)))*D10*H10*I7*J10 -> 0.73923105 | R10: kVar | S10: =K10/F10 -> 1.7541176 | T10: kVA | U10: =S10*D10*H10*I7*J10 -> 1.4032941 | V10: kVA
A11: Bomba de Água 3 | D11: 1 | F11: 0.85 | H11: 1 | J11: 0.8 | K11: 1.491 | L11: kW | M11: =K11*D11*H11*I7*J11 -> 1.1928 | N11: kW | O11: =K11*TAN(ACOS(F11)) -> 0.92403881 | P11: kVar | Q11: =(K11*TAN(ACOS(F11)))*D11*H11*I7*J11 -> 0.73923105 | R11: kVar | S11: =K11/F11 -> 1.7541176 | T11: kVA | U11: =S11*D11*H11*I7*J11 -> 1.4032941 | V11: kVA | X11: Potência Aparente | Y11: =SUM(U7:U16) -> 131.42996 | Z11: kVA
A12: Misturador | D12: 1 | F12: 0.85 | H12: 1 | J12: 0.8 | K12: =S12*F12 -> 12.75 | L12: kW | M12: =K12*D12*H12*I7*J12 -> 10.2 | N12: kW | O12: =K12*TAN(ACOS(F12)) -> 7.9017403 | P12: kVar | Q12: =(K12*TAN(ACOS(F12)))*D12*H12*I7*J12 -> 6.3213923 | R12: kVar | S12: 15 | T12: kVA | U12: =S12*D12*H12*I7*J12 -> 12 | V12: kVA
A13: Refrigerador 1 | D13: 1 | F13: 0.85 | H13: 1 | J13: 0.8 | K13: =S13*F13 -> 12.75 | L13: kW | M13: =K13*D13*H13*I7*J13 -> 10.2 | N13: kW | O13: =K13*TAN(ACOS(F13)) -> 7.9017403 | P13: kVar | Q13: =(K13*TAN(ACOS(F13)))*D13*H13*I7*J13 -> 6.3213923 | R13: kVar | S13: 15 | T13: kVA | U13: =S13*D13*H13*I7*J13 -> 12 | V13: kVA
A14: Refrigerador 2 | D14: 1 | F14: 0.85 | H14: 1 | J14: 0.8 | K14: =S14*F14 -> 12.75 | L14: kW | M14: =K14*D14*H14*I7*J14 -> 10.2 | N14: kW | O14: =K14*TAN(ACOS(F14)) -> 7.9017403 | P14: kVar | Q14: =(K14*TAN(ACOS(F14)))*D14*H14*I7*J14 -> 6.3213923 | R14: kVar | S14: 15 | T14: kVA | U14: =S14*D14*H14*I7*J14 -> 12 | V14: kVA | X14: Potência do QP4
A15: Refrigerador 3 | D15: 1 | F15: 0.85 | H15: 1 | J15: 0.8 | K15: =S15*F15 -> 12.75 | L15: kW | M15: =K15*D15*H15*I7*J15 -> 10.2 | N15: kW | O15: =K15*TAN(ACOS(F15)) -> 7.9017403 | P15: kVar | Q15: =(K15*TAN(ACOS(F15)))*D15*H15*I7*J15 -> 6.3213923 | R15: kVar | S15: 15 | T15: kVA | U15: =S15*D15*H15*I7*J15 -> 12 | V15: kVA | X15: Numero de Circuitos | Z15: 13
A16: Moinho | D16: 1 | F16: 0.85 | H16: 1 | J16: 0.8 | K16: =S16*F16 -> 59.5 | L16: kW | M16: =K16*D16*H16*I7*J16 -> 47.6 | N16: kW | O16: =K16*TAN(ACOS(F16)) -> 36.874788 | P16: kVar | Q16: =(K16*TAN(ACOS(F16)))*D16*H16*I7*J16 -> 29.499831 | R16: kVar | S16: 70 | T16: kVA | U16: =S16*D16*H16*I7*J16 -> 56 | V16: kVA
X17: Fator de Simultaneadade do Quadro (Ks) | Z17: =IF(Z15>=10,0.6,IF(Z15>=6,0.7,IF(Z15<6,0.8))) -> 0.6
X20: P x Ks = | Y20: =Y7*Z17 -> 67.67328 | Z20: kW | AA20: =Y20 -> 67.67328
X22: Q x Ks = | Y22: =Y9*Z17 -> 40.370318 | Z22: kVar | AA22: =Y22 -> 40.370318
X24: S x Ks = | Y24: =Y11*Z17 -> 78.857976 | Z24: kVA | AA24: =Y24 -> 78.857976

Sheet QP5
A1: Tabela de Potências - Quadro Parcial 5
A5: Equipamento | D5: Quantidade | F5: Cosϕ = f.p. | H5: Fatores | K5: Potência Ativa | O5: Potência Reativa | S5: Potência Aparente | X5: Potência à Plena Carga
H6: Simultaneadade (Ks) | I6: Evolução de Cargas (Ke) | J6: Utilização (Ku) | K6: Unitária | M6: Conjunto | O6: Unitária | Q6: Conjunto | S6: Unitária | U6: Conjunto
A7: Luminária 3F Filippi S.p.A ref.21287 | D7: 2 | F7: 0.95 | H7: 1 | I7: 1 | J7: 1 | K7: =(40/0.9)/1000 -> 0.044444444 | L7: kW | M7: =K7*D7*H7*I7*J7 -> 0.088888889 | N7: kW | O7: =K7*TAN(ACOS(F7)) -> 0.014608182 | P7: kVar | Q7: =(K7*TAN(ACOS(F7)))*D7*H7*I7*J7 -> 0.029216365 | R7: kVar | S7: =K7/F7 -> 0.046783626 | T7: kVA | U7: =S7*D7*H7*I7*J7 -> 0.093567251 | V7: kVA | X7: Potência Ativa | Y7: =SUM(M7:M17) -> 35.062444 | Z7: kW
A8: Luminária ERCO ref.32516000 | D8: 1 | F8: 0.95 | H8: 1 | J8: 1 | K8: =(26/0.9)/1000 -> 0.028888889 | L8: kW | M8: =K8*D8*H8*I7*J8 -> 0.028888889 | N8: kW | O8: =K8*TAN(ACOS(F8)) -> 0.0094953186 | P8: kVar | Q8: =(K8*TAN(ACOS(F8)))*D8*H8*I7*J8 -> 0.0094953186 | R8: kVar | S8: =K8/F8 -> 0.030409357 | T8: kVA | U8: =S8*D8*H8*I7*J8 -> 0.030409357 | V8: kVA
A9: Luminária ERCO ref.87685000 | D9: 3 | F9: 0.95 | H9: 1 | J9: 1 | K9: =(11/0.9)/1000 -> 0.012222222 | L9: kW | M9: =K9*D9*H9*I7*J9 -> 0.036666667 | N9: kW | O9: =K9*TAN(ACOS(F9)) -> 0.0040172502 | P9: kVar | Q9: =(K9*TAN(ACOS(F9)))*D9*H9*I7*J9 -> 0.012051751 | R9: kVar | S9: =K9/F9 -> 0.012865497 | T9: kVA | U9: =S9*D9*H9*I7*J9 -> 0.038596491 | V9: kVA | X9: Potência Reativa | Y9: =SUM(Q7:Q17) -> 11.310673 | Z9: kVar
A10: Luminária LEDVANCE ref.4058075062207 | D10: 2 | F10: 0.95 | H10: 1 | J10: 1 | K10: =(24/0.9)/1000 -> 0.026666667 | L10: kW | M10: =K10*D10*H10*I7*J10 -> 0.053333333 | N10: kW | O10: =K10*TAN(ACOS(F10)) -> 0.0087649095 | P10: kVar | Q10: =(K10*TAN(ACOS(F10)))*D10*H10*I7*J10 -> 0.017529819 | R10: kVar | S10: =K10/F10 -> 0.028070175 | T10: kVA | U10: =S10*D10*H10*I7*J10 -> 0.056140351 | V10: kVA
A11: Luminária LEDVANCE ref.4058075064003 | D11: 36 | F11: 0.95 | H11: 1 | J11: 1 | K11: =(22/0.9)/1000 -> 0.024444444 | L11: kW | M11: =K11*D11*H11*I7*J11 -> 0.88 | N11: kW | O11: =K11*TAN(ACOS(F11)) -> 0.0080345003 | P11: kVar | Q11: =(K11*TAN(ACOS(F11)))*D11*H11*I7*J11 -> 0.28924201 | R11: kVar | S11: =K11/F11 -> 0.025730994 | T11: kVA | U11: =S11*D11*H11*I7*J11 -> 0.92631579 | V11: kVA | X11: Potência Aparente | Y11: =SUM(U7:U17) -> 37.626901 | Z11: kVA
A12: Luminária LEDVANCE ref.4058075079274 | D12: 10 | F12: 0.95 | H12: 1 | J12: 1 | K12: =(12/0.9)/1000 -> 0.013333333 | L12: kW | M12: =K12*D12*H12*I7*J12 -> 0.13333333 | N12: kW | O12: =K12*TAN(ACOS(F12)) -> 0.0043824547 | P12: kVar | Q12: =(K12*TAN(ACOS(F12)))*D12*H12*I7*J12 -> 0.043824547 | R12: kVar | S12: =K12/F12 -> 0.014035088 | T12: kVA | U12: =S12*D12*H12*I7*J12 -> 0.14035088 | V12: kVA
A13: Luminária LEDVANCE ref.4058075079335 | D13: 5 | F13: 0.95 | H13: 1 | J13: 1 | K13: =(18/0.9)/1000 -> 0.02 | L13: kW | M13: =K13*D13*H13*I7*J13 -> 0.1 | N13: kW | O13: =K13*TAN(ACOS(F13)) -> 0.0065736821 | P13: kVar | Q13: =(K13*TAN(ACOS(F13)))*D13*H13*I7*J13 -> 0.032868411 | R13: kVar | S13: =K13/F13 -> 0.021052632 | T13: kVA | U13: =S13*D13*H13*I7*J13 -> 0.10526316 | V13: kVA
A14: Luminária LEDVANCE ref.4099854000201 | D14: 3 | F14: 0.95 | H14: 1 | J14: 1 | K14: =(4/0.9)/1000 -> 0.0044444444 | L14: kW | M14: =K14*D14*H14*I7*J14 -> 0.013333333 | N14: kW | O14: =K14*TAN(ACOS(F14)) -> 0.0014608182 | P14: kVar | Q14: =(K14*TAN(ACOS(F14)))*D14*H14*I7*J14 -> 0.0043824547 | R14: kVar | S14: =K14/F14 -> 0.0046783626 | T14: kVA | U14: =S14*D14*H14*I7*J14 -> 0.014035088 | V14: kVA | X14: Potência do QP5
A15: Tomadas Monofásicas - Legrand_ Série Mosaic - Tomada 3x2P+T c/alvéolos inclinados 45º-ligad. Automáticos - preto mate | D15: 36 | F15: 0.9 | H15: =0.1+(0.9/D15) -> 0.125 | J15: 1 | K15: 3.68 | L15: kW | M15: =K15*D15*H15*I7*J15 -> 16.56 | N15: kW | O15: =K15*TAN(ACOS(F15)) -> 1.7823053 | P15: kVar | Q15: =(K15*TAN(ACOS(F15)))*D15*H15*I7*J15 -> 8.0203741 | R15: kVar | S15: =K15/F15 -> 4.0888889 | T15: kVA | U15: =S15*D15*H15*I7*J15 -> 18.4 | V15: kVA | X15: Numero de Circuitos | Z15: 14
A16: Tomada Shuko com Obturador - EFAPEL 3700 ref.37132C | D16: 7 | F16: 0.9 | H16: =0.1+(0.9/D16) -> 0.22857143 | J16: 1 | K16: 3.68 | L16: kW | M16: =K16*D16*H16*I7*J16 -> 5.888 | N16: kW | O16: =K16*TAN(ACOS(F16)) -> 1.7823053 | P16: kVar | Q16: =(K16*TAN(ACOS(F16)))*D16*H16*I7*J16 -> 2.8516886 | R16: kVar | S16: =K16/F16 -> 4.0888889 | T16: kVA | U16: =S16*D16*H16*I7*J16 -> 6.5422222 | V16: kVA
A17: Modulo AVAC Vulcano MS-R32 10,6UE | D17: 1 | F17: 1 | H17: 1 | J17: 0.8 | K17: 14.1 | L17: kW | M17: =K17*D17*H17*I7*J17 -> 11.28 | N17: kW | O17: =K17*TAN(ACOS(F17)) -> 0 | P17: kVar | Q17: =(K17*TAN(ACOS(F17)))*D17*H17*I7*J17 -> 0 | R17: kVar | S17: =K17/F17 -> 14.1 | T17: kVA | U17: =S17*D17*H17*I7*J17 -> 11.28 | V17: kVA | X17: Fator de Simultaneadade do Quadro (Ks) | Z17: =IF(Z15>=10,0.6,IF(Z15>=6,0.7,IF(Z15<6,0.8))) -> 0.6
X20: P x Ks = | Y20: =Y7*Z17 -> 21.037467 | Z20: kW | AA20: =Y20 -> 21.037467
X22: Q x Ks = | Y22: =Y9*Z17 -> 6.786404 | Z22: kVar | AA22: =Y22 -> 6.786404
X24: S x Ks = | Y24: =Y11*Z17 -> 22.57614 | Z24: kVA | AA24: =Y24 -> 22.57614

Sheet QP6
A1: Tabela de Potências - Quadro Parcial 6
A5: Equipamento | D5: Quantidade | F5: Cosϕ = f.p. | H5: Fatores | K5: Potência Ativa | O5: Potência Reativa | S5: Potência Aparente | X5: Potência à Plena Carga
H6: Simultaneadade (Ks) | I6: Evolução de Cargas (Ke) | J6: Utilização (Ku) | K6: Unitária | M6: Conjunto | O6: Unitária | Q6: Conjunto | S6: Unitária | U6: Conjunto
A7: Luminária LEDVANCE ref.4058075079274 | D7: 6 | F7: 0.95 | H7: 1 | I7: 1 | J7: 1 | K7: =(12/0.9)/1000 -> 0.013333333 | L7: kW | M7: =K7*D7*H7*I7*J7 -> 0.08 | N7: kW | O7: =K7*TAN(ACOS(F7)) -> 0.0043824547 | P7: kVar | Q7: =(K7*TAN(ACOS(F7)))*D7*H7*I7*J7 -> 0.026294728 | R7: kVar | S7: =K7/F7 -> 0.014035088 | T7: kVA | U7: =S7*D7*H7*I7*J7 -> 0.084210526 | V7: kVA | X7: Potência Ativa | Y7: =SUM(M7:M15) -> 28.648444 | Z7: kW
A8: Luminária LEDVANCE ref.4058075114005 | D8: 8 | F8: 0.95 | H8: 1 | J8: 1 | K8: =(30/0.9)/1000 -> 0.033333333 | L8: kW | M8: =K8*D8*H8*I7*J8 -> 0.26666667 | N8: kW | O8: =K8*TAN(ACOS(F8)) -> 0.010956137 | P8: kVar | Q8: =(K8*TAN(ACOS(F8)))*D8*H8*I7*J8 -> 0.087649095 | R8: kVar | S8: =K8/F8 -> 0.035087719 | T8: kVA | U8: =S8*D8*H8*I7*J8 -> 0.28070175 | V8: kVA
A9: Luminária LEDVANCE ref.4058075364561 | D9: 2 | F9: 0.95 | H9: 1 | J9: 1 | K9: =(43/0.9)/1000 -> 0.047777778 | L9: kW | M9: =K9*D9*H9*I7*J9 -> 0.095555556 | N9: kW | O9: =K9*TAN(ACOS(F9)) -> 0.015703796 | P9: kVar | Q9: =(K9*TAN(ACOS(F9)))*D9*H9*I7*J9 -> 0.031407592 | R9: kVar | S9: =K9/F9 -> 0.050292398 | T9: kVA | U9: =S9*D9*H9*I7*J9 -> 0.1005848 | V9: kVA | X9: Potência Reativa | Y9: =SUM(Q7:Q15) -> 8.1715473 | Z9: kVar
A10: Luminária LEDVANCE ref.4058075440616 | D10: 6 | F10: 0.95 | H10: 1 | J10: 1 | K10: =(36/0.9)/1000 -> 0.04 | L10: kW | M10: =K10*D10*H10*I7*J10 -> 0.24 | N10: kW | O10: =K10*TAN(ACOS(F10)) -> 0.013147364 | P10: kVar | Q10: =(K10*TAN(ACOS(F10)))*D10*H10*I7*J10 -> 0.078884185 | R10: kVar | S10: =K10/F10 -> 0.042105263 | T10: kVA | U10: =S10*D10*H10*I7*J10 -> 0.25263158 | V10: kVA
A11: Luminária LEDVANCE ref.4058075617865 | D11: 8 | F11: 0.95 | H11: 1 | J11: 1 | K11: =(13/0.9)/1000 -> 0.014444444 | L11: kW | M11: =K11*D11*H11*I7*J11 -> 0.11555556 | N11: kW | O11: =K11*TAN(ACOS(F11)) -> 0.0047476593 | P11: kVar | Q11: =(K11*TAN(ACOS(F11)))*D11*H11*I7*J11 -> 0.037981274 | R11: kVar | S11: =K11/F11 -> 0.015204678 | T11: kVA | U11: =S11*D11*H11*I7*J11 -> 0.12163743 | V11: kVA | X11: Potência Aparente | Y11: =SUM(U7:U15) -> 30.487953 | Z11: kVA
A12: Luminária LEDVANCE ref.4058075618084 | D12: 28 | F12: 0.95 | H12: 1 | J12: 1 | K12: =(24/0.9)/1000 -> 0.026666667 | L12: kW | M12: =K12*D12*H12*I7*J12 -> 0.74666667 | N12: kW | O12: =K12*TAN(ACOS(F12)) -> 0.0087649095 | P12: kVar | Q12: =(K12*TAN(ACOS(F12)))*D12*H12*I7*J12 -> 0.24541747 | R12: kVar | S12: =K12/F12 -> 0.028070175 | T12: kVA | U12: =S12*D12*H12*I7*J12 -> 0.78596491 | V12: kVA
A13: Tomadas Monofásicas - Legrand_ Série Mosaic - Tomada 3x2P+T c/alvéolos inclinados 45º-ligad. Automáticos - preto mate | D13: 12 | F13: 0.9 | H13: =0.1+(0.9/D13) -> 0.175 | J13: 1 | K13: 3.68 | L13: kW | M13: =K13*D13*H13*I7*J13 -> 7.728 | N13: kW | O13: =K13*TAN(ACOS(F13)) -> 1.7823053 | P13: kVar | Q13: =(K13*TAN(ACOS(F13)))*D13*H13*I7*J13 -> 3.7428412 | R13: kVar | S13: =K13/F13 -> 4.0888889 | T13: kVA | U13: =S13*D13*H13*I7*J13 -> 8.5866667 | V13: kVA
A14: Tomada Shuko com Obturador - EFAPEL 3700 ref.37132C | D14: 13 | F14: 0.9 | H14: =0.1+(0.9/D14) -> 0.16923077 | J14: 1 | K14: 3.68 | L14: kW | M14: =K14*D14*H14*I7*J14 -> 8.096 | N14: kW | O14: =K14*TAN(ACOS(F14)) -> 1.7823053 | P14: kVar | Q14: =(K14*TAN(ACOS(F14)))*D14*H14*I7*J14 -> 3.9210718 | R14: kVar | S14: =K14/F14 -> 4.0888889 | T14: kVA | U14: =S14*D14*H14*I7*J14 -> 8.9955556 | V14: kVA | X14: Potência do QP6
A15: Modulo AVAC Vulcano MS-R32 10,6UE | D15: 1 | F15: 1 | H15: 1 | J15: 0.8 | K15: 14.1 | L15: kW | M15: =K15*D15*H15*I7*J15 -> 11.28 | N15: kW | O15: =K15*TAN(ACOS(F15)) -> 0 | P15: kVar | Q15: =(K15*TAN(ACOS(F15)))*D15*H15*I7*J15 -> 0 | R15: kVar | S15: =K15/F15 -> 14.1 | T15: kVA | U15: =S15*D15*H15*I7*J15 -> 11.28 | V15: kVA | X15: Numero de Circuitos | Z15: 10
X17: Fator de Simultaneadade do Quadro (Ks) | Z17: =IF(Z15>=10,0.6,IF(Z15>=6,0.7,IF(Z15<6,0.8))) -> 0.6
X20: P x Ks = | Y20: =Y7*Z17 -> 17.189067 | Z20: kW | AA20: =Y20 -> 17.189067
X22: Q x Ks = | Y22: =Y9*Z17 -> 4.9029284 | Z22: kVar | AA22: =Y22 -> 4.9029284
X24: S x Ks = | Y24: =Y11*Z17 -> 18.292772 | Z24: kVA | AA24: =Y24 -> 18.292772

Sheet QP7
A1: Tabela de Potências - Quadro Parcial 7
A5: Equipamento | D5: Quantidade | F5: Cosϕ = f.p. | H5: Fatores | K5: Potência Ativa | O5: Potência Reativa | S5: Potência Aparente | X5: Potência à Plena Carga
H6: Simultaneadade (Ks) | I6: Evolução de Cargas (Ke) | J6: Utilização (Ku) | K6: Unitária | M6: Conjunto | O6: Unitária | Q6: Conjunto | S6: Unitária | U6: Conjunto
A7: Luminária 3F Filippi S.p.A ref.21287 | D7: 2 | F7: 0.95 | H7: 1 | I7: 1 | J7: 1 | K7: =(40/0.9)/1000 -> 0.044444444 | L7: kW | M7: =K7*D7*H7*I7*J7 -> 0.088888889 | N7: kW | O7: =K7*TAN(ACOS(F7)) -> 0.014608182 | P7: kVar | Q7: =(K7*TAN(ACOS(F7)))*D7*H7*I7*J7 -> 0.029216365 | R7: kVar | S7: =K7/F7 -> 0.046783626 | T7: kVA | U7: =S7*D7*H7*I7*J7 -> 0.093567251 | V7: kVA | X7: Potência Ativa | Y7: =SUM(M7:M17) -> 35.062444 | Z7: kW
A8: Luminária ERCO ref.32516000 | D8: 1 | F8: 0.95 | H8: 1 | J8: 1 | K8: =(26/0.9)/1000 -> 0.028888889 | L8: kW | M8: =K8*D8*H8*I7*J8 -> 0.028888889 | N8: kW | O8: =K8*TAN(ACOS(F8)) -> 0.0094953186 | P8: kVar | Q8: =(K8*TAN(ACOS(F8)))*D8*H8*I7*J8 -> 0.0094953186 | R8: kVar | S8: =K8/F8 -> 0.030409357 | T8: kVA | U8: =S8*D8*H8*I7*J8 -> 0.030409357 | V8: kVA
A9: Luminária ERCO ref.87685000 | D9: 3 | F9: 0.95 | H9: 1 | J9: 1 | K9: =(11/0.9)/1000 -> 0.012222222 | L9: kW | M9: =K9*D9*H9*I7*J9 -> 0.036666667 | N9: kW | O9: =K9*TAN(ACOS(F9)) -> 0.0040172502 | P9: kVar | Q9: =(K9*TAN(ACOS(F9)))*D9*H9*I7*J9 -> 0.012051751 | R9: kVar | S9: =K9/F9 -> 0.012865497 | T9: kVA | U9: =S9*D9*H9*I7*J9 -> 0.038596491 | V9: kVA | X9: Potência Reativa | Y9: =SUM(Q7:Q17) -> 11.310673 | Z9: kVar
A10: Luminária LEDVANCE ref.4058075062207 | D10: 2 | F10: 0.95 | H10: 1 | J10: 1 | K10: =(24/0.9)/1000 -> 0.026666667 | L10: kW | M10: =K10*D10*H10*I7*J10 -> 0.053333333 | N10: kW | O10: =K10*TAN(ACOS(F10)) -> 0.0087649095 | P10: kVar | Q10: =(K10*TAN(ACOS(F10)))*D10*H10*I7*J10 -> 0.017529819 | R10: kVar | S10: =K10/F10 -> 0.028070175 | T10: kVA | U10: =S10*D10*H10*I7*J10 -> 0.056140351 | V10: kVA
A11: Luminária LEDVANCE ref.4058075064003 | D11: 36 | F11: 0.95 | H11: 1 | J11: 1 | K11: =(22/0.9)/1000 -> 0.024444444 | L11: kW | M11: =K11*D11*H11*I7*J11 -> 0.88 | N11: kW | O11: =K11*TAN(ACOS(F11)) -> 0.0080345003 | P11: kVar | Q11: =(K11*TAN(ACOS(F11)))*D11*H11*I7*J11 -> 0.28924201 | R11: kVar | S11: =K11/F11 -> 0.025730994 | T11: kVA | U11: =S11*D11*H11*I7*J11 -> 0.92631579 | V11: kVA | X11: Potência Aparente | Y11: =SUM(U7:U17) -> 37.626901 | Z11: kVA
A12: Luminária LEDVANCE ref.4058075079274 | D12: 10 | F12: 0.95 | H12: 1 | J12: 1 | K12: =(12/0.9)/1000 -> 0.013333333 | L12: kW | M12: =K12*D12*H12*I7*J12 -> 0.13333333 | N12: kW | O12: =K12*TAN(ACOS(F12)) -> 0.0043824547 | P12: kVar | Q12: =(K12*TAN(ACOS(F12)))*D12*H12*I7*J12 -> 0.043824547 | R12: kVar | S12: =K12/F12 -> 0.014035088 | T12: kVA | U12: =S12*D12*H12*I7*J12 -> 0.14035088 | V12: kVA
A13: Luminária LEDVANCE ref.4058075079335 | D13: 5 | F13: 0.95 | H13: 1 | J13: 1 | K13: =(18/0.9)/1000 -> 0.02 | L13: kW | M13: =K13*D13*H13*I7*J13 -> 0.1 | N13: kW | O13: =K13*TAN(ACOS(F13)) -> 0.0065736821 | P13: kVar | Q13: =(K13*TAN(ACOS(F13)))*D13*H13*I7*J13 -> 0.032868411 | R13: kVar | S13: =K13/F13 -> 0.021052632 | T13: kVA | U13: =S13*D13*H13*I7*J13 -> 0.10526316 | V13: kVA
A14: Luminária LEDVANCE ref.4099854000201 | D14: 3 | F14: 0.95 | H14: 1 | J14: 1 | K14: =(4/0.9)/1000 -> 0.0044444444 | L14: kW | M14: =K14*D14*H14*I7*J14 -> 0.013333333 | N14: kW | O14: =K14*TAN(ACOS(F14)) -> 0.0014608182 | P14: kVar | Q14: =(K14*TAN(ACOS(F14)))*D14*H14*I7*J14 -> 0.0043824547 | R14: kVar | S14: =K14/F14 -> 0.0046783626 | T14: kVA | U14: =S14*D14*H14*I7*J14 -> 0.014035088 | V14: kVA | X14: Potência do QP7
A15: Tomadas Monofásicas - Legrand_ Série Mosaic - Tomada 3x2P+T c/alvéolos inclinados 45º-ligad. Automáticos - preto mate | D15: 36 | F15: 0.9 | H15: =0.1+(0.9/D15) -> 0.125 | J15: 1 | K15: 3.68 | L15: kW | M15: =K15*D15*H15*I7*J15 -> 16.56 | N15: kW | O15: =K15*TAN(ACOS(F15)) -> 1.7823053 | P15: kVar | Q15: =(K15*TAN(ACOS(F15)))*D15*H15*I7*J15 -> 8.0203741 | R15: kVar | S15: =K15/F15 -> 4.0888889 | T15: kVA | U15: =S15*D15*H15*I7*J15 -> 18.4 | V15: kVA | X15: Numero de Circuitos | Z15: 14
A16: Tomada Shuko com Obturador - EFAPEL 3700 ref.37132C | D16: 7 | F16: 0.9 | H16: =0.1+(0.9/D16) -> 0.22857143 | J16: 1 | K16: 3.68 | L16: kW | M16: =K16*D16*H16*I7*J16 -> 5.888 | N16: kW | O16: =K16*TAN(ACOS(F16)) -> 1.7823053 | P16: kVar | Q16: =(K16*TAN(ACOS(F16)))*D16*H16*I7*J16 -> 2.8516886 | R16: kVar | S16: =K16/F16 -> 4.0888889 | T16: kVA | U16: =S16*D16*H16*I7*J16 -> 6.5422222 | V16: kVA
A17: Modulo AVAC Vulcano MS-R32 10,6UE | D17: 1 | F17: 1 | H17: 1 | J17: 0.8 | K17: 14.1 | L17: kW | M17: =K17*D17*H17*I7*J17 -> 11.28 | N17: kW | O17: =K17*TAN(ACOS(F17)) -> 0 | P17: kVar | Q17: =(K17*TAN(ACOS(F17)))*D17*H17*I7*J17 -> 0 | R17: kVar | S17: =K17/F17 -> 14.1 | T17: kVA | U17: =S17*D17*H17*I7*J17 -> 11.28 | V17: kVA | X17: Fator de Simultaneadade do Quadro (Ks) | Z17: =IF(Z15>=10,0.6,IF(Z15>=6,0.7,IF(Z15<6,0.8))) -> 0.6
X20: P x Ks = | Y20: =Y7*Z17 -> 21.037467 | Z20: kW | AA20: =Y20 -> 21.037467
X22: Q x Ks = | Y22: =Y9*Z17 -> 6.786404 | Z22: kVar | AA22: =Y22 -> 6.786404
X24: S x Ks = | Y24: =Y11*Z17 -> 22.57614 | Z24: kVA | AA24: =Y24 -> 22.57614

Sheet QGM
A1: Tabela de Potências - Quadro Geral de Mobilidade
A5: Equipamento | D5: Quantidade | F5: Cosϕ = f.p. | H5: Fatores | K5: Potência Ativa | O5: Potência Reativa | S5: Potência Aparente | X5: Potência à Plena Carga
H6: Simultaneadade (Ks) | I6: Evolução de Cargas (Ke) | J6: Utilização (Ku) | K6: Unitária | M6: Conjunto | O6: Unitária | Q6: Conjunto | S6: Unitária | U6: Conjunto
A7: Posto de Carregamento VE - MAGNUM CAP ref.MC NCC | D7: 3 | F7: 0.95 | H7: 1 | I7: 3 | J7: 1 | K7: =22 -> 22 | L7: kW | M7: =K7*D7*H7*I7*J7 -> 198 | N7: kW | O7: =K7*TAN(ACOS(F7)) -> 7.2310503 | P7: kVar | Q7: =(K7*TAN(ACOS(F7)))*D7*H7*I7*J7 -> 65.079453 | R7: kVar | S7: =K7/F7 -> 23.157895 | T7: kVA | U7: =S7*D7*H7*I7*J7 -> 208.42105 | V7: kVA | X7: Potência Ativa | Y7: =SUM(M7:M7) -> 198 | Z7: kW
X9: Potência Reativa | Y9: =SUM(Q7:Q7) -> 65.079453 | Z9: kVar
X11: Potência Aparente | Y11: =SUM(U7:U7) -> 208.42105 | Z11: kVA
X14: Potência do QVE/QGM
X15: Numero de Circuitos | Z15: 9
X17: Fator de Simultaneadade do Quadro (Ks) | Z17: =1 -> 1
X20: P x Ks = | Y20: =Y7*Z17 -> 198 | Z20: kW | AA20: =Y20 -> 198
X22: Q x Ks = | Y22: =Y9*Z17 -> 65.079453 | Z22: kVar | AA22: =Y22 -> 65.079453
X24: S x Ks = | Y24: =Y11*Z17 -> 208.42105 | Z24: kVA | AA24: =Y24 -> 208.42105

Sheet QGBT
A1: Tabela de Potências - Quadro Geral de Baixa Tensão
A5: Equipamento | D5: Quantidade | F5: Potência Ativa | H5: Potência Reativa | J5: Potência Aparente | M5: Potência à Plena Carga
A7: QP1 | D7: 1 | F7: ='QP1'!AA20 -> 186.49867 | G7: kW | H7: ='QP1'!AA22 -> 112.97938 | I7: kW | J7: ='QP1'!AA24 -> 218.21333 | K7: kVar | M7: Potência Ativa | N7: =SUM(F7:F13) -> 723.75115 | O7: kW
A8: QP2 | D8: 1 | F8: ='QP2'!AA20 -> 214.0208 | G8: kW | H8: ='QP2'!AA22 -> 131.05092 | I8: kW | J8: ='QP2'!AA24 -> 251.02311 | K8: kVar
A9: QP3 | D9: 1 | F9: ='QP3'!AA20 -> 196.2944 | G9: kW | H9: ='QP3'!AA22 -> 120.11741 | I9: kW | J9: ='QP3'!AA24 -> 230.19378 | K9: kVar | M9: Potência Reativa | N9: =SUM(H7:H13) -> 422.99377 | O9: kVar
A10: QP4 | D10: 1 | F10: ='QP4'!AA20 -> 67.67328 | G10: kW | H10: ='QP4'!AA22 -> 40.370318 | I10: kW | J10: ='QP4'!AA24 -> 78.857976 | K10: kVar
A11: QP5 | D11: 1 | F11: ='QP5'!AA20 -> 21.037467 | G11: kW | H11: ='QP5'!AA22 -> 6.786404 | I11: kW | J11: ='QP5'!AA24 -> 22.57614 | K11: kVar | M11: Potência Aparente | N11: =SUM(J7:J13) -> 841.73325 | O11: kVA
A12: QP6 | D12: 1 | F12: ='QP6'!AA20 -> 17.189067 | G12: kW | H12: ='QP6'!AA22 -> 4.9029284 | I12: kW | J12: ='QP6'!AA24 -> 18.292772 | K12: kVar
A13: QP7 | D13: 1 | F13: ='QP7'!AA20 -> 21.037467 | G13: kW | H13: ='QP7'!AA22 -> 6.786404 | I13: kW | J13: ='QP7'!AA24 -> 22.57614 | K13: kVar
M14: Potência do QGBT
M15: Numero de Circuitos | O15: 7
M17: Fator de Simultaneadade do Quadro (Ks) | O17: =IF(O15>=10,0.6,IF(O15>=6,0.7,IF(O15<6,0.8))) -> 0.7
M20: P x Ks = | N20: =N7*O17 -> 506.6258 | O20: kW | P20: =N20 -> 506.6258
M22: Q x Ks = | N22: =N9*O17 -> 296.09564 | O22: kVar | P22: =N22 -> 296.09564
M24: S x Ks = | N24: =N11*O17 -> 589.21328 | O24: kVA | P24: =N24 -> 589.21328

Sheet QPT
A1: Tabela de Potências - Quadro do Posto de Transformação
A5: Equipamento | D5: Quantidade | F5: Potência Ativa | H5: Potência Reativa | J5: Potência Aparente | M5: Potência à Plena Carga
A7: QGBT | D7: 1 | F7: =QGBT!P20 -> 506.6258 | G7: kW | H7: =QGBT!P22 -> 296.09564 | I7: kW | J7: =QGBT!P24 -> 589.21328 | K7: kVar | M7: Potência Ativa | N7: =SUM(F7:F8) -> 704.6258 | O7: kW
A8: QGM | D8: 1 | F8: =QGM!AA20 -> 198 | G8: kW | H8: =QGM!AA22 -> 65.079453 | I8: kW | J8: =QGM!AA24 -> 208.42105 | K8: kVar
M9: Potência Reativa | N9: =SUM(H7:H8) -> 361.17509 | O9: kVar
M11: Potência Aparente | N11: =SUM(J7:J8) -> 797.63433 | O11: kVA
M14: Potência do QPT
M15: Numero de Circuitos | O15: 2
M17: Fator de Simultaneadade do Quadro (Ks) | O17: 0.9
M20: P x Ks = | N20: =N7*O17 -> 634.16322 | O20: kW
M22: Q x Ks = | N22: =N9*O17 -> 325.05759 | O22: kVar
M24: S x Ks = | N24: =N11*O17 -> 717.8709 | O24: kVA
